{
    "_glossary": {
        "Citation": "Altamura et al. (2023)",
        "Simulations": "MACSIS clusters",
        "columns": [
            "m500",
            "m200",
            "r500",
            "r200"
        ]
    },
    "all_clusters": [
        972695000000000,
        1481200625000000,
        1.538771629333496,
        2.402628898620605
    ],
    "m_500crit_low": [
        634828632812500,
        946938281250000,
        1.334716141223907,
        2.069764971733093
    ],
    "m_500crit_high": [
        1468762187500000,
        2225549140625000,
        1.765343904495239,
        2.751933932304382
    ],
    "hot_gas_fraction_500crit_low": [
        700055703125000,
        1044668828125000,
        1.378953039646149,
        2.138672947883606
    ],
    "hot_gas_fraction_500crit_high": [
        1282395781250000,
        1890658125000000,
        1.687225878238678,
        2.606273889541626
    ],
    "baryon_fraction_500crit_low": [
        722433085937500,
        1064653671875000,
        1.393439650535583,
        2.152254104614258
    ],
    "baryon_fraction_500crit_high": [
        1222853359375000,
        1861604921875000,
        1.660783886909485,
        2.592873692512512
    ],
    "star_mass_500crit_low": [
        634828632812500,
        946938281250000,
        1.334716141223907,
        2.069764971733093
    ],
    "star_mass_500crit_high": [
        1468762187500000,
        2225549140625000,
        1.765343904495239,
        2.751933932304382
    ],
    "spin_parameter_dm_low": [
        973228906250000,
        1424857890625000,
        1.539044916629791,
        2.371749281883240
    ],
    "spin_parameter_dm_high": [
        965045898437500,
        1511586875000000,
        1.534676432609558,
        2.418951869010925
    ],
    "spin_parameter_hotgas_low": [
        1070860937500000,
        1678494140625000,
        1.588882505893707,
        2.504918217658997
    ],
    "spin_parameter_hotgas_high": [
        882934765625000,
        1365005390625000,
        1.489856064319611,
        2.338119745254517
    ],
    "relaxation_coefficient_low": [
        828017812500000,
        1227599492187500,
        1.458329856395721,
        2.256913781166077
    ],
    "relaxation_coefficient_high": [
        1186710781250000,
        1829808359375000,
        1.644214808940887,
        2.578024744987488
    ],
    "substructure_mass_fraction_500crit_low": [
        954288320312500,
        1390859921875000,
        1.528974771499634,
        2.352813243865967
    ],
    "substructure_mass_fraction_500crit_high": [
        1072459023437500,
        1661115234375000,
        1.589624166488647,
        2.496225357055664
    ],
    "cos_angle_04_low": [
        946117187500000,
        1403768984375000,
        1.524587750434875,
        2.360016345977783
    ],
    "cos_angle_04_high": [
        1031533203125000,
        1535234765625000,
        1.569136857986450,
        2.431570649147034
    ],
    "alpha3D_low": [
        822981250000000,
        1229370117187500,
        1.455363392829895,
        2.257960200309753
    ],
    "alpha3D_high": [
        1181087500000000,
        1785785078125000,
        1.641582429409027,
        2.557171940803528
    ],
    "alpha2D_0p2r500_low": [
        787119726562500,
        1162222695312500,
        1.433896183967590,
        2.216072559356689
    ],
    "alpha2D_0p2r500_high": [
        1219793398437500,
        1892271406250000,
        1.659369051456451,
        2.607051730155945
    ],
    "alpha2D_1p0r500_low": [
        709294414062500,
        1049674101562500,
        1.384992063045502,
        2.142078280448914
    ],
    "alpha2D_1p0r500_high": [
        1386333828125000,
        2039481562500000,
        1.731675207614899,
        2.672945857048035
    ],
    "redshift_low": [
        452056757812500,
        709565390625000,
        1.191918075084686,
        1.879903316497803
    ],
    "redshift_high": [
        471250937500000,
        652676093750000,
        0.824597954750061,
        1.247546434402466
    ]
}