{
    "_glossary": {
        "Citation": "Altamura et al. (2023)",
        "Simulations": "MACSIS clusters",
        "columns": [
            "m500 [Msun]",
            "m200 [Msun]",
            "r500 [Mpc]",
            "r200 [Mpc]",
            "spin_parameter_hotgas",
            "circular_velocity_r500 [km/s]"
        ]
    },
    "all_clusters": [
        972695000000000.0,
        1481200625000000.0,
        1.538771629333496,
        2.402628898620605,
        0.050594426762030,
        1648.827784613882613
    ],
    "m_500crit_low": [
        634828632812500.0,
        946938281250000.0,
        1.334716141223907,
        2.069764971733093,
        0.054221690817384,
        1430.236008197608498
    ],
    "m_500crit_high": [
        1468762187500000.0,
        2225549140625000.0,
        1.765343904495239,
        2.751933932304382,
        0.046274101198248,
        1891.625232842451396
    ],
    "hot_gas_fraction_500crit_low": [
        700055703125000.0,
        1044668828125000.0,
        1.378953039646149,
        2.138672947883606,
        0.053272166255553,
        1477.619373887633628
    ],
    "hot_gas_fraction_500crit_high": [
        1282395781250000.0,
        1890658125000000.0,
        1.687225878238678,
        2.606273889541626,
        0.046214527075633,
        1807.970868927364336
    ],
    "baryon_fraction_500crit_low": [
        722433085937500.0,
        1064653671875000.0,
        1.393439650535583,
        2.152254104614258,
        0.054744160262292,
        1493.176003381976898
    ],
    "baryon_fraction_500crit_high": [
        1222853359375000.0,
        1861604921875000.0,
        1.660783886909485,
        2.592873692512512,
        0.045813123523331,
        1779.527226915214669
    ],
    "star_mass_500crit_low": [
        634828632812500.0,
        946938281250000.0,
        1.334716141223907,
        2.069764971733093,
        0.052265705676401,
        1430.236008197608498
    ],
    "star_mass_500crit_high": [
        1468762187500000.0,
        2225549140625000.0,
        1.765343904495239,
        2.751933932304382,
        0.047401640955917,
        1891.625232842451396
    ],
    "spin_parameter_dm_low": [
        973228906250000.0,
        1424857890625000.0,
        1.539044916629791,
        2.371749281883240,
        0.043378213661517,
        1649.133718144078784
    ],
    "spin_parameter_dm_high": [
        965045898437500.0,
        1511586875000000.0,
        1.534676432609558,
        2.418951869010925,
        0.061966146966160,
        1644.509914247072857
    ],
    "spin_parameter_hotgas_low": [
        1070860937500000.0,
        1678494140625000.0,
        1.588882505893707,
        2.504918217658997,
        0.034824147379621,
        1702.521588048476133
    ],
    "spin_parameter_hotgas_high": [
        882934765625000.0,
        1365005390625000.0,
        1.489856064319611,
        2.338119745254517,
        0.072530257951139,
        1596.489829573958559
    ],
    "relaxation_coefficient_low": [
        828017812500000.0,
        1227599492187500.0,
        1.458329856395721,
        2.256913781166077,
        0.041718155625742,
        1562.659010554576525
    ],
    "relaxation_coefficient_high": [
        1186710781250000.0,
        1829808359375000.0,
        1.644214808940887,
        2.578024744987488,
        0.058467181167530,
        1761.842896695635773
    ],
    "substructure_mass_fraction_500crit_low": [
        954288320312500.0,
        1390859921875000.0,
        1.528974771499634,
        2.352813243865967,
        0.045049407033067,
        1638.375941933987633
    ],
    "substructure_mass_fraction_500crit_high": [
        1072459023437500.0,
        1661115234375000.0,
        1.589624166488647,
        2.496225357055664,
        0.055636212878128,
        1703.384828804746348
    ],
    "cos_angle_04_low": [
        946117187500000.0,
        1403768984375000.0,
        1.524587750434875,
        2.360016345977783,
        0.043936567714094,
        1633.665449051860378
    ],
    "cos_angle_04_high": [
        1031533203125000.0,
        1535234765625000.0,
        1.569136857986450,
        2.431570649147034,
        0.058108767702584,
        1681.454913554108089
    ],
    "alpha3D_low": [
        822981250000000.0,
        1229370117187500.0,
        1.455363392829895,
        2.257960200309753,
        0.044143183523709,
        1559.492154956641571
    ],
    "alpha3D_high": [
        1181087500000000.0,
        1785785078125000.0,
        1.641582429409027,
        2.557171940803528,
        0.057841190714328,
        1759.071425942200676
    ],
    "alpha2D_0p2r500_low": [
        787119726562500.0,
        1162222695312500.0,
        1.433896183967590,
        2.216072559356689,
        0.046174132673728,
        1536.499245261722081
    ],
    "alpha2D_0p2r500_high": [
        1219793398437500.0,
        1892271406250000.0,
        1.659369051456451,
        2.607051730155945,
        0.054132768187951,
        1778.056035401825056
    ],
    "alpha2D_1p0r500_low": [
        709294414062500.0,
        1049674101562500.0,
        1.384992063045502,
        2.142078280448914,
        0.048005662908617,
        1484.100533902889993
    ],
    "alpha2D_1p0r500_high": [
        1386333828125000.0,
        2039481562500000.0,
        1.731675207614899,
        2.672945857048035,
        0.053156307362792,
        1855.565575439393797
    ],
    "redshift_low": [
        452056757812500.0,
        709565390625000.0,
        1.191918075084686,
        1.879903316497803,
        0.056087967334283,
        1277.165481835580522
    ],
    "redshift_high": [
        471250937500000.0,
        652676093750000.0,
        0.824597954750061,
        1.247546434402466,
        0.043082885764219,
        1567.758007559931229
    ]
}
