{
    "_glossary": {
        "Citation": "Altamura et al. (2023)",
        "Simulations": "MACSIS clusters",
        "columns": [
            "xi_0_gas",
            "v_{t0}_gas / v_{circ}",
            "r_0_gas / r_{500}",
            "eta_gas",
            "maximum_amplitude_gas",
            "xi_0_galaxies",
            "v_{t0}_galaxies / v_{circ}",
            "r_0_galaxies / r_{500}",
            "eta_galaxies",
            "maximum_amplitude_galaxies",
            "xi_0_dark_matter",
            "v_{t0}_dark_matter / v_{circ}",
            "r_0_dark_matter / r_{500}",
            "eta_dark_matter",
            "maximum_amplitude_dark_matter"
        ]
    },
    "all_clusters": [],
    "m_500crit_low": [
        6.055052917127658,
        0.9849456214661848,
        0.17202503515158915,
        2.247653896047646,
        32.20427430467279,
        1.841964155131144,
        0.2996232327486745,
        0.18366295318056708,
        2.006983731523563,
        11.482219744981906,
        4.363896487877058,
        0.7098535383742133,
        0.11393209915966615,
        1.9992768558411937,
        20.603608364002994
    ],
    "m_500crit_high": [
        13.852469076198782,
        1.9230316676328703,
        0.14706214525882996,
        1.9211184923014466,
        129.26668907530942,
        4.882997229365813,
        0.6778689238273147,
        0.144431720818604,
        1.751456783690978,
        50.11880534729733,
        8.186159784459612,
        1.1364215588733364,
        0.09739902614153606,
        1.6968735306451774,
        74.79803289032385
    ],
    "hot_gas_fraction_500crit_low": [
        5.835864160395872,
        0.9326673773922962,
        0.14915218014631326,
        1.7012399919762677,
        46.246586664706534,
        1.6908457531057464,
        0.27022504821583515,
        0.5305428814695013,
        2.34064838355091,
        15.346898507125854,
        2.547057672956257,
        0.407061839448623,
        0.2493068301197203,
        1.5071005718885169,
        24.886865590637058
    ],
    "hot_gas_fraction_500crit_high": [
        10.581804341213882,
        1.4670992497082394,
        0.11702496885962164,
        1.914474761377482,
        110.71623418842722,
        4.4049916061028105,
        0.6107238115445233,
        0.09602321514687948,
        1.8140032744028254,
        44.90747544154124,
        8.36441744385226,
        1.1596727892924215,
        0.0845750775004033,
        1.8711424861973402,
        75.89353951918078
    ],
    "baryon_fraction_500crit_low": [
        8.875028642238833,
        1.4575679709694636,
        0.2134955894403676,
        2.149909792512959,
        52.19906843470938,
        2.8175439274973546,
        0.4627322289388885,
        0.40076321709871315,
        2.463428568629518,
        20.293229934044863,
        4.312253812508931,
        0.7082121414110059,
        0.2349239574049325,
        2.046262973071252,
        27.48992355631377
    ],
    "baryon_fraction_500crit_high": [
        11.11866318733779,
        1.528142070047458,
        0.12755126783606377,
        2.005857665044529,
        110.47354875238385,
        4.621177769097959,
        0.635131763876868,
        0.09009019426660476,
        1.8344306353733404,
        42.942807763603746,
        8.544038623537519,
        1.1742872905447062,
        0.07598498626636557,
        1.8352932305862284,
        72.09823968180179
    ],
    "star_mass_500crit_low": [
        3.512854460332665,
        0.5508054519233385,
        0.08495582291888862,
        1.6916760573474132,
        31.388145031412822,
        1.0278574623162122,
        0.16116508680813477,
        0.0692706151897254,
        1.4756312638360465,
        11.073916841379052,
        2.7547116140173347,
        0.4319308393247807,
        0.05,
        1.603280140104864,
        21.458993048622876
    ],
    "star_mass_500crit_high": [
        14.738313695080278,
        2.095860762209609,
        0.15920647580948227,
        1.9577084700521161,
        129.4672850732823,
        5.177375530632529,
        0.7362482879909802,
        0.1488983358835084,
        1.7381265799355994,
        50.14842926721143,
        8.780581494621583,
        1.248641914176664,
        0.10428597412669062,
        1.7193511649130226,
        74.96226276563493
    ],
    "spin_parameter_dm_low": [
        5.308103812163556,
        0.6907681839046309,
        0.11305979786042575,
        1.607398030410871,
        59.14647014316523,
        1.2439321287943308,
        0.1618786609897985,
        0.0500000000000001,
        1.5448588417611298,
        11.04293836512418,
        2.7845082712295484,
        0.36236098419497004,
        0.05000000000000004,
        1.5571598926262762,
        24.274995072665302
    ],
    "spin_parameter_dm_high": [
        13.393791998025359,
        2.4898850501514516,
        0.16354385965762955,
        2.1311741321284337,
        101.79542525745345,
        7.031638170638806,
        1.307170572883994,
        0.12527560262546844,
        1.8323132062802798,
        55.240411995331826,
        9.301729009030204,
        1.7291769204388783,
        0.14019536276786954,
        1.9279519225495876,
        72.41099237689656
    ],
    "spin_parameter_hotgas_low": [
        6.6694930281882066,
        0.6967782244829426,
        0.22845154933252743,
        2.227537748279975,
        63.95475123571757,
        1.68217971536807,
        0.1757414229809597,
        0.2867194044853934,
        2.323120247164592,
        17.288643338305935,
        3.761122225175998,
        0.3929336240468911,
        0.05,
        1.5825583235936922,
        27.80391914063052
    ],
    "spin_parameter_hotgas_high": [
        11.478467801680903,
        2.497608691619278,
        0.11939948877779977,
        1.852105262081751,
        97.7203190226114,
        5.179497925614668,
        1.1270109618066637,
        0.08880571460584705,
        1.6237309701652098,
        47.36005668082355,
        7.701895123447408,
        1.6758613200487804,
        0.13145775699952525,
        1.8490016645139533,
        68.7392602347142
    ],
    "relaxation_coefficient_low": [
        6.426985074397035,
        0.8043658906140497,
        0.09721076609355825,
        1.9213257822380272,
        55.65854483359825,
        1.8683451419915802,
        0.23383174018861133,
        0.27019319584970525,
        2.7,
        21.667385922037383,
        3.1655157355010584,
        0.3961784342681049,
        0.21969816826416028,
        2.438130713087584,
        34.49794510912858
    ],
    "relaxation_coefficient_high": [
        15.179912447568102,
        2.6625800735376237,
        0.20561250828762084,
        2.195986143105319,
        106.81408930431401,
        5.208108469820127,
        0.9135102643353624,
        0.08395238841360074,
        1.527609375019267,
        39.60193314288316,
        10.164040819591213,
        1.7827884479796283,
        0.0798358524269241,
        1.6838672198970965,
        62.44251832796965
    ],
    "substructure_mass_fraction_500crit_low": [
        6.702793574386916,
        0.9058706279735466,
        0.12028152165367541,
        2.082674465680293,
        72.71123785129595,
        2.046731780683794,
        0.27661215922661475,
        0.17168606567691577,
        2.269068215639968,
        25.14582788300923,
        4.362452079748027,
        0.5895776382084555,
        0.17781589961048122,
        2.5524544296388147,
        50.44069495192791
    ],
    "substructure_mass_fraction_500crit_high": [
        15.556508870121874,
        2.596515717415761,
        0.2402422531625987,
        2.4079466592453795,
        90.81613760680304,
        6.16282401351202,
        1.0286285662385817,
        0.1830885440278362,
        1.9424879561039772,
        37.40282663612775,
        8.78887868569658,
        1.4669397765523704,
        0.08443262300317518,
        1.6266214760732425,
        48.45810398238226
    ],