{
    "_glossary": {
        "Citation": "Altamura et al. (2023)",
        "Simulations": "MACSIS clusters",
        "columns": [
            "rho_0",
            "r_c",
            "alpha",
            "beta",
            "r_s",
            "epsilon"
        ]
    },
    "all_clusters": [
        100.000331754515940,
        0.728990375940420,
        2.144621621829458,
        0.850442223023238,
        0.379706132710608,
        0.753144966001082
    ],
    "m_500crit_low": [
        99.943997013824841,
        0.561510344206336,
        2.428022848331176,
        0.374475715226648,
        0.576610246136767,
        2.828970293280651
    ],
    "m_500crit_high": [
        100.010330530134524,
        0.838395224918518,
        2.039012038382649,
        0.874735243630927,
        0.329927686740657,
        1.078847614428816
    ],
    "hot_gas_fraction_500crit_low": [
        99.987157177769930,
        0.673808029990826,
        2.103489774729035,
        0.916691297074821,
        0.380198589978736,
        0.146103997923998
    ],
    "hot_gas_fraction_500crit_high": [
        100.013489390424212,
        0.744963288826109,
        2.272104098769896,
        0.798564732558746,
        0.417030376156881,
        1.162118896142453
    ],
    "baryon_fraction_500crit_low": [
        99.985132958237685,
        0.683355346720478,
        2.079294716409701,
        0.897049750765815,
        0.363648121654410,
        0.266479793029585
    ],
    "baryon_fraction_500crit_high": [
        100.007738212974829,
        0.746296326737285,
        2.271485664983376,
        0.861226994978615,
        0.390290717165312,
        0.882007721409157
    ],
    "star_mass_500crit_low": [
        99.948341541298973,
        0.554733894573210,
        2.464067507915512,
        0.330880945271475,
        0.565477453811516,
        3.046420861797320
    ],
    "star_mass_500crit_high": [
        100.012267030086804,
        0.878364311464708,
        1.964074528562985,
        0.869605263728337,
        0.317166557472179,
        1.183611695996929
    ],
    "spin_parameter_dm_low": [
        100.013829190193860,
        0.728518124803896,
        2.221567756121574,
        0.679453202090612,
        0.387358593124573,
        1.398419044073444
    ],
    "spin_parameter_dm_high": [
        100.032320809097982,
        0.704731838938285,
        2.103642942954222,
        0.975995126615097,
        0.768976102892710,
        0.332360577128825
    ],
    "spin_parameter_hotgas_low": [
        100.009088177163790,
        0.725923823727843,
        2.267509329611747,
        0.758431998223832,
        0.386104209154819,
        1.143181914179303
    ],
    "spin_parameter_hotgas_high": [
        100.022023087074032,
        0.705022381772073,
        2.084765618768297,
        1.008523282960064,
        0.738938039640437,
        0.000000000000000
    ],
    "relaxation_coefficient_low": [
        100.007068395078988,
        0.671754858664322,
        2.396050554413115,
        0.692796280752530,
        0.409837334205432,
        1.158274014889819
    ],
    "relaxation_coefficient_high": [
        100.013344753915135,
        0.778353268875208,
        1.943480078231388,
        1.041906523745717,
        0.348353981091803,
        0.313666110011311
    ],
    "substructure_mass_fraction_500crit_low": [
        100.007329714306621,
        0.693366731600473,
        2.397499614464558,
        0.721150906669787,
        0.382298378700641,
        1.109518044955484
    ],
    "substructure_mass_fraction_500crit_high": [
        100.002259703336080,
        0.697370057187537,
        2.042412483486115,
        0.875398361240996,
        0.751425175729799,
        0.942703404694146
    ],
    "cos_angle_04_low": [
        90.000000000000000,
        0.760719807840553,
        2.228972186965310,
        0.779395035422553,
        0.406020661436232,
        1.020591571751457
    ],
    "cos_angle_04_high": [
        100.001327648328683,
        0.747150633944899,
        2.087615985025167,
        0.880315908500463,
        0.377030847365185,
        0.744150900213758
    ],
    "alpha3D_low": [
        100.003985477553201,
        0.688292186544572,
        2.264149214874565,
        0.749703005334973,
        0.416043709408817,
        1.002531803345618
    ],
    "alpha3D_high": [
        99.996437775384877,
        0.771144997877702,
        2.049314116836686,
        0.967130976262754,
        0.319599987258527,
        0.494835417762259
    ],
    "alpha2D_0p2r500_low": [
        100.001590873219300,
        0.648321365877059,
        2.457989451187563,
        0.711396485782948,
        0.442846321186140,
        1.065061844221384
    ],
    "alpha2D_0p2r500_high": [
        99.994689115712646,
        0.788747040370834,
        1.893269909908124,
        0.982176804087867,
        0.431342340234569,
        0.602651909703972
    ],
    "alpha2D_1p0r500_low": [
        100.000014239338341,
        0.591852557335639,
        2.440203993566606,
        0.418659245513876,
        0.539944680424740,
        2.544491290649014
    ],
    "alpha2D_1p0r500_high": [
        100.008490646316957,
        0.872931881085415,
        1.931477915071741,
        0.916487414038570,
        0.302143913613616,
        0.996587064038357
    ],
    "redshift_low": [
        100.24849544278436,
        0.6154679814049342,
        2.2187452180674057,
        0.8361187711678778,
        3.687691392719218,
        5.0
    ],
    "redshift_high": [
        100.01720052127692,
        1.8095778278369388,
        2.1556773849419555,
        2.0,
        0.6089296055069366,
        1.073135423177514
    ]
}