{
    "_glossary": {
        "Citation": "Altamura et al. (2023)",
        "Simulations": "MACSIS clusters",
        "columns": [
            "n_0 [cm$^{-3}$]",
            "r_c / r_{500}",
            "r_s / r_{500}",
            "alpha",
            "beta",
            "epsilon"
        ]
    },
    "all_clusters": [
        0.00453071710569672055,
        0.09834893121988234899,
        0.60591483587048844406,
        1.5,
        0.43671040469768596104,
        2.74238177671070459951
    ],
    "m_500crit_low": [
        0.00284816927890425061,
        0.15329258792554784074,
        0.70436123388763605124,
        1.5,
        0.50834024860215698549,
        2.14092545807026901628
    ],
    "m_500crit_high": [
        0.00418752236315670084,
        0.11134171380050504607,
        0.61283090294741948689,
        1.5,
        0.44062345719277373757,
        3.0
    ],
    "hot_gas_fraction_500crit_low": [
        0.00573842307079300718,
        0.06772836511712518326,
        0.61233550401718150891,
        1.5,
        0.40630496167086921355,
        2.70901615711224064142
    ],
    "hot_gas_fraction_500crit_high": [
        0.00586984030530627622,
        0.09012535076751970742,
        0.58635309326419893239,
        1.5,
        0.45025035490426806861,
        2.81304323262021371832
    ],
    "baryon_fraction_500crit_low": [
        0.00289317741363182132,
        0.13545198153873760916,
        0.67646093184322741987,
        1.5,
        0.45872956163249867245,
        2.48161964206164231683
    ],
    "baryon_fraction_500crit_high": [
        0.00552588352753353561,
        0.09636827003189316065,
        0.61268571320728304475,
        1.5,
        0.46164045152159316476,
        2.79503369013622871009
    ],
    "star_mass_500crit_low": [
        0.009,
        0.05067459606475240019,
        0.58831057518917551086,
        1.5,
        0.41781212858156852041,
        2.60715785313663062084
    ],
    "star_mass_500crit_high": [
        0.00364660608076905089,
        0.12409882684804821040,
        0.61899855968311623400,
        1.5,
        0.44247087539630447495,
        3.0
    ],
    "spin_parameter_dm_low": [
        0.009,
        0.05444131560506977607,
        0.50004811301793195000,
        1.5,
        0.40888428236153612216,
        2.63462467444459935706
    ],
    "spin_parameter_dm_high": [
        0.00315673636524969317,
        0.13056888839014332837,
        0.72644109484637353624,
        1.5,
        0.45544756178628487131,
        3.0
    ],
    "spin_parameter_hotgas_low": [
        0.00797305587724132271,
        0.06497686788894489751,
        0.53435240435719622010,
        1.5,
        0.42878274607419669673,
        2.67754734212533307414
    ],
    "spin_parameter_hotgas_high": [
        0.00359373768689692915,
        0.11132055597622028675,
        0.68458886486989245501,
        1.5,
        0.43480479372272562433,
        2.90164513172865223822
    ],
    "relaxation_coefficient_low": [
        0.009,
        0.06153199227460988407,
        0.52029740733996077129,
        1.5,
        0.44358676313107192613,
        2.35850952121721313404
    ],
    "relaxation_coefficient_high": [
        0.00206027760942764432,
        0.19510329425696393280,
        0.75,
        1.5,
        0.48507776780114786330,
        3.0
    ],
    "substructure_mass_fraction_500crit_low": [
        0.009,
        0.06431303253045139723,
        0.51909812816596201390,
        1.5,
        0.45004999396582195947,
        2.38509675277312993558
    ],
    "substructure_mass_fraction_500crit_high": [
        0.00148421729069004964,
        0.27484756042525093633,
        0.75,
        1.5,
        0.56936023457797657610,
        2.17931494740425479861
    ],
    "cos_angle_04_low": [
        0.00557498947916253325,
        0.08278325945495454419,
        0.57711931382645020872,
        1.5,
        0.43271366487882617635,
        2.61440454509321362764
    ],
    "cos_angle_04_high": [
        0.00313117208097846416,
        0.13973372843241682606,
        0.66169317787295567346,
        1.5,
        0.46724127343475080343,
        2.74267143276082459025
    ],
    "alpha3D_low": [
        0.009,
        0.05425109248492915315,
        0.53982762104707215922,
        1.5,
        0.41811143543228812547,
        2.60640255113766183825
    ],
    "alpha3D_high": [
        0.00341118675973461211,
        0.12683270767517795807,
        0.68708617931194104766,
        1.5,
        0.45327192460536575025,
        3.0
    ],
    "alpha2D_0p2r500_low": [
        0.009,
        0.06333821314499149535,
        0.54197120216247285374,
        1.5,
        0.45546738424522364985,
        2.33584059244309782954
    ],
    "alpha2D_0p2r500_high": [
        0.00247746097051930372,
        0.14696873375560540187,
        0.57166385689359922040,
        1.5,
        0.39408354302637743638,
        3.0
    ],
    "alpha2D_1p0r500_low": [
        0.009,
        0.05390184665952237747,
        0.55826952536187335330,
        1.5,
        0.42354812186286566744,
        2.52914095252546644588
    ],
    "alpha2D_1p0r500_high": [
        0.00371940297269187032,
        0.11427024977800799566,
        0.58587959521993782097,
        1.5,
        0.41890169884499078856,
        3.0
    ],
    "redshift_low": [
        0.009,
        0.04611241,
        0.60779396,
        1.500001,
        0.41085452,
        2.42220024
    ],
    "redshift_high": [
        0.00459346,
        0.28,
        0.70069805,
        1.5,
        0.53338218,
        3.0
    ]
}
